,experiment_number,Selection Threshold,VIFThreshold,PCA_n_Components,train_f1_macro,test_f1_macro,test_balanced_accuracy,test_f1_weighted,precision_weighted,recall_weighted
0,1,0.014,30,40,0.9551575754669425,0.8638382265368221,0.8693718459291457,0.8978920949893472,0.9019605653386273,0.8964732650739476
1,1,0.014,30,50,0.9641406109696953,0.8722170505113049,0.8760477553122515,0.9053998546040459,0.9080275217976155,0.9044368600682594
2,1,0.014,30,60,0.9699699557607698,0.8742353427182556,0.8769351532672934,0.905770690236827,0.9085963252046093,0.9044368600682594
3,1,0.014,30,70,0.9743803825295176,0.877647620945982,0.8811091626564267,0.9098197256937727,0.9120663259205346,0.9089874857792947
4,1,0.014,30,80,0.9804238894798586,0.8770254706930322,0.8816198685924477,0.9087859069245632,0.9123493954124687,0.9078498293515358
5,1,0.014,30,90,0.9824499023685294,0.8798394760353196,0.8836708349270642,0.9108005769747363,0.9139081322696916,0.9101251422070534
6,1,0.014,30,100,0.9846343165272422,0.8844692456409041,0.8876622421973165,0.9154225628659879,0.918106273625277,0.9146757679180887
7,1,0.014,25,40,0.9513648247090942,0.8648801725001356,0.8683682274154058,0.8985960385845816,0.9025455543443143,0.8976109215017065
8,1,0.014,25,50,0.9614006199546471,0.8649817837146989,0.8690818305008908,0.9001538471834828,0.9032931108950536,0.8987485779294653
9,1,0.014,25,60,0.9665945449544846,0.872328535034597,0.8767431096625052,0.9061084794592199,0.9087756520529741,0.9055745164960182
10,1,0.014,25,70,0.9767007944769251,0.8763168074514698,0.8789697376229386,0.9096962315554541,0.911966335398561,0.9089874857792947
11,1,0.014,25,80,0.9797845808921859,0.8791629318409198,0.8815591642534001,0.9118105532484054,0.9138336555936338,0.9112627986348123
12,1,0.014,25,90,0.9843842165203426,0.8788328634512589,0.8817104941966473,0.913064376583624,0.9158545928955678,0.9124004550625711
13,1,0.014,25,100,0.9860775566906964,0.8782079189722128,0.880900777597457,0.9118840188577553,0.9144909332941583,0.9112627986348123
14,1,0.014,20,40,0.9513317262144293,0.8740358765229919,0.8788734024316702,0.9065728368519894,0.9105483766502841,0.9055745164960182
15,1,0.014,20,50,0.9685006201384707,0.8769309535353469,0.8816734120869076,0.9080936674745423,0.9110194581961399,0.9078498293515358
16,1,0.014,20,60,0.9734963096347073,0.8730152092727667,0.8771928915339726,0.9064478106922401,0.9091810535581939,0.9055745164960182
17,1,0.014,20,70,0.9754622798734076,0.8728765785053022,0.8757412441484498,0.9075342941924694,0.9102716810263581,0.906712172923777
18,1,0.014,20,80,0.9820627502093997,0.8811080191343487,0.8829347290013904,0.91390583749442,0.9161966466864278,0.9135381114903299
19,1,0.014,20,90,0.9848156082047457,0.874849382564695,0.8780007893632144,0.9086819172984839,0.9113655666027983,0.9078498293515358
20,1,0.014,20,100,0.987981431230753,0.8859360730624342,0.8867020217811673,0.9170840308682866,0.9188679782890934,0.9169510807736063
21,1,0.014,15,40,0.9489137536336716,0.8591208876907643,0.8664413973512185,0.8967107388185893,0.9025966628382351,0.8953356086461889
22,1,0.014,15,50,0.9640487653220158,0.8721029111694756,0.8786895658493871,0.9050797710736183,0.9086392646289948,0.9044368600682594
23,1,0.014,15,60,0.9683240188370323,0.8812688711087092,0.8855819240900122,0.9110185537837112,0.9132711005346729,0.9101251422070534
24,1,0.014,15,70,0.9774535066793835,0.887655270085327,0.8919209966234168,0.9168618031119029,0.9193791275157349,0.9158134243458476
25,1,0.014,15,80,0.9805764755717367,0.8824734281029087,0.8866025970742482,0.9133670069744322,0.9156541293653427,0.9124004550625711
26,1,0.014,15,90,0.9832935688253124,0.8827580199497637,0.8859965962508075,0.9156699564967532,0.9183087141475491,0.9146757679180887
27,1,0.014,15,100,0.9856866056779648,0.8821818192800419,0.8847726612361727,0.915906338208424,0.9184524809856228,0.9146757679180887
28,2,0.014,30,40,0.952398345098312,0.8998724456307247,0.9006190279924028,0.9223310842543848,0.9239045258814828,0.9215017064846417
29,2,0.014,30,50,0.9623828623173101,0.8980274323343292,0.8988593497621363,0.9200110638717167,0.9215435257762282,0.919226393629124
30,2,0.014,30,60,0.9683719665665523,0.8996867361218148,0.9009961018988886,0.9213422434938386,0.9231260534777004,0.9203640500568828
31,2,0.014,30,70,0.9750957539717533,0.9005621595539471,0.9007771289526428,0.9233308088753632,0.9247327441022857,0.9226393629124005
32,2,0.014,30,80,0.9775968576387223,0.9062777041820553,0.9082054849104104,0.9259402083937045,0.9278177968293988,0.9249146757679181
33,2,0.014,30,90,0.980668021397449,0.9018887686306923,0.9030772797822054,0.9235852430848611,0.925138792693412,0.9226393629124005
34,2,0.014,30,100,0.9828856450696359,0.9046593628822435,0.9048369580124719,0.9258767816647763,0.9275964556137765,0.9249146757679181
35,2,0.014,25,40,0.9489450905518049,0.89910546802581,0.9046338782639377,0.9206317746952563,0.9243582215501265,0.919226393629124
36,2,0.014,25,50,0.9608093421821418,0.9040544688073288,0.9066010208230464,0.9246518953952438,0.9268903772918766,0.9237770193401593
37,2,0.014,25,60,0.9690405810575269,0.9025655567806325,0.9039319806369062,0.923761460233894,0.9255749138978316,0.9226393629124005
38,2,0.014,25,70,0.9732137894018981,0.9032920676860794,0.9043301005288702,0.9246453138353569,0.9260504683766348,0.9237770193401593
39,2,0.014,25,80,0.9767775577513167,0.905373110560126,0.9071873853628992,0.9249061944551316,0.9270491796653906,0.9237770193401593
40,2,0.014,25,90,0.9805891041066064,0.9053387213220913,0.9071873853628992,0.9260348865841377,0.9280507136590768,0.9249146757679181
41,2,0.014,25,100,0.9841762217732852,0.9076810335497579,0.9082557614312753,0.9279929670307913,0.9295197855133767,0.9271899886234357
42,2,0.014,20,40,0.9500514945479517,0.9011237935423174,0.9054330048652031,0.9216369675357879,0.9242911046245834,0.9203640500568828
43,2,0.014,20,50,0.9636756320513253,0.8958504304354651,0.8969353596867968,0.9181154130052219,0.9204525048032515,0.9169510807736063
44,2,0.014,20,60,0.970029571522588,0.8986930252133851,0.8983764250813505,0.9212954289618946,0.9232332520190937,0.9203640500568828
45,2,0.014,20,70,0.9765819755035319,0.9026107803013919,0.9027002058757196,0.9245465867544963,0.926247198506641,0.9237770193401593
46,2,0.014,20,80,0.9803082189488231,0.9036020066361284,0.9037685819440958,0.9257975699156836,0.9274217698364321,0.9249146757679181
47,2,0.014,20,90,0.9824754627360288,0.9100560441775201,0.9112472144227282,0.9290339050265644,0.9304415620533117,0.9283276450511946
48,2,0.014,20,100,0.9857543138399125,0.9102017275445529,0.9103925135680273,0.9302235046580848,0.9320142210204932,0.9294653014789533
49,2,0.014,15,40,0.9536403790730694,0.8948303629132722,0.9016956248821545,0.916580109778043,0.9202096582590813,0.9158134243458476
50,2,0.014,15,50,0.9636406037384314,0.894209945508166,0.8962908988891931,0.9173447037503242,0.9189077825848848,0.9169510807736063
51,2,0.014,15,60,0.9707996038818766,0.8970060928133013,0.8985354754653204,0.9198035284515487,0.9217605270188676,0.919226393629124
52,2,0.014,15,70,0.9741602656372546,0.9025053570335404,0.9025157611974309,0.9244638986605951,0.9265595246885014,0.9237770193401593
53,2,0.014,15,80,0.976499910041951,0.899504257038052,0.8996584763634019,0.9219959631467177,0.9234038913387141,0.9215017064846417
54,2,0.014,15,90,0.9814379345287202,0.9055001578706231,0.9057208894025592,0.9264854160629321,0.9278414371961556,0.926052332195677
55,2,0.014,15,100,0.9841996947286233,0.9004612936911616,0.9012380944956876,0.9223344571873971,0.9242770814908065,0.9215017064846417
56,3,0.014,30,40,0.9532518777678647,0.8641486972017624,0.8661593521196485,0.8970692652468225,0.9011800082384736,0.8953356086461889
57,3,0.014,30,50,0.9651700005529581,0.8666653615728422,0.866983562682231,0.8985378638576548,0.9032386971535273,0.8976109215017065
58,3,0.014,30,60,0.9716888686337638,0.8714983674878873,0.8711331625635382,0.9036087759724046,0.9077938684603004,0.9032992036405005
59,3,0.014,30,70,0.975621934112174,0.8780926353465469,0.8777550476737955,0.9082032267146429,0.9137766045674636,0.9078498293515358
60,3,0.014,30,80,0.9809813873179086,0.879291876063273,0.8805469915072878,0.9081254068173598,0.9136246324593545,0.9078498293515358
61,3,0.014,30,90,0.9824880790347338,0.8757239476354024,0.8769923879526842,0.906370363329137,0.9121939121217238,0.9055745164960182
62,3,0.014,30,100,0.9852864887630075,0.8824804167677471,0.8823466780453464,0.9115464687854771,0.9167340102016556,0.9112627986348123
63,3,0.014,25,40,0.9520014256713218,0.862810444214165,0.8646925701827871,0.8942236809100621,0.8977987249286667,0.8930602957906713
64,3,0.014,25,50,0.9619781276469629,0.8651722687434831,0.8645691797977689,0.896640750840129,0.9002334569672769,0.8953356086461889
65,3,0.014,25,60,0.9714365757061759,0.8764666728113831,0.8767577431881188,0.9061388820889691,0.9095988044035068,0.9055745164960182
66,3,0.014,25,70,0.9766782152464099,0.8833452209743269,0.8860352544393144,0.9108820585227663,0.9145640196994619,0.9101251422070534
67,3,0.014,25,80,0.9795100575488943,0.8757621360137116,0.8774353951127108,0.9061187061236768,0.910592534594596,0.9055745164960182
68,3,0.014,25,90,0.9820781563133587,0.8790441195305448,0.8806698095921621,0.90964453347258,0.9137498907340009,0.9089874857792947
69,3,0.014,25,100,0.9837608124557276,0.8824718412142528,0.8832914587254392,0.9116908402298171,0.9168810499529219,0.9112627986348123
70,3,0.014,20,40,0.9528462554766209,0.8648603893813286,0.8683218375670176,0.8961446406839552,0.8996852408011881,0.8953356086461889
71,3,0.014,20,50,0.9656394612088076,0.8535253699151932,0.8540133650268378,0.8882042673326361,0.8913641440875999,0.8873720136518771
72,3,0.014,20,60,0.9750294600064072,0.8794810354253997,0.8795858257515135,0.9069339594535504,0.9104889915729644,0.906712172923777
73,3,0.014,20,70,0.9793304536503389,0.8775128074639671,0.8795791410064567,0.9058772518230944,0.9094317580747113,0.9055745164960182
74,3,0.014,20,80,0.9815794161949399,0.8824854723096439,0.8839871766644923,0.9103189074838247,0.9132651194084641,0.9101251422070534
75,3,0.014,20,90,0.9840004717953756,0.8869512588144693,0.8882058316098915,0.913721831824614,0.9173110116014597,0.9135381114903299
76,3,0.014,20,100,0.986077616198209,0.882983261775746,0.8838900300557179,0.9106283038115933,0.9137797632910806,0.9101251422070534
77,3,0.014,15,40,0.957404900058774,0.8775887100669488,0.8796424039722897,0.9055212463425398,0.9098032277583334,0.9044368600682594
78,3,0.014,15,50,0.9680665918706115,0.8806030456746279,0.8818048726513494,0.9062343318675107,0.9099330314623639,0.9055745164960182
79,3,0.014,15,60,0.9731705076437535,0.8828429771180102,0.8840125408473897,0.9085182708234484,0.9143784333732938,0.9078498293515358
80,3,0.014,15,70,0.9775043523356819,0.8868578043988796,0.8883706229139233,0.9128089576542628,0.9165786740200984,0.9124004550625711
81,3,0.014,15,80,0.9803364827810573,0.8826177460274429,0.8853225566391129,0.9094035792778767,0.9151137460353058,0.9089874857792947
82,3,0.014,15,90,0.982088887877597,0.8814901639863422,0.8843050556216119,0.9085363445144933,0.9133963161415629,0.9078498293515358
83,3,0.014,15,100,0.986061942051449,0.8848158717133169,0.8880911059192902,0.9104072746962334,0.9145625190741077,0.9101251422070534
84,1,0.016,30,40,0.9499393524962123,0.8557128317290723,0.8612175861675967,0.8929158788557152,0.8976266918337594,0.8919226393629124
85,1,0.016,30,50,0.9609464896336702,0.8585146815560205,0.8638057874400084,0.8938625806210265,0.8979056703294811,0.8930602957906713
86,1,0.016,30,60,0.97207722239532,0.8677426373186143,0.8719245713101397,0.9001640018891296,0.903980018987602,0.8987485779294653
87,1,0.016,30,70,0.9745144210053,0.872166882123182,0.8740200152655301,0.9046674073454531,0.9079331384777106,0.9032992036405005
88,1,0.016,30,80,0.9783454805467768,0.8781985254328188,0.8806342055511082,0.9098771581542937,0.91262556394744,0.9089874857792947
89,1,0.016,30,90,0.9832002175920347,0.8759502360845125,0.8782916257287711,0.9083086155994226,0.9112410663668622,0.906712172923777
90,1,0.016,30,100,0.98639612673129,0.8747079373191254,0.8755524354746125,0.9075221835784927,0.9107449757919642,0.9055745164960182
91,1,0.016,25,40,0.951055181107345,0.8533861676017762,0.8616148530984783,0.8905408499752747,0.895727880514387,0.8896473265073948
92,1,0.016,25,50,0.9629197210743772,0.8553758598594908,0.861835657375072,0.8931285635667112,0.8975273793617154,0.8919226393629124
93,1,0.016,25,60,0.9671033468954152,0.8559946245341767,0.8598175452076254,0.8920580675665412,0.8958555272517567,0.8907849829351536
94,1,0.016,25,70,0.9739222718599952,0.8704386824206243,0.8725789036900525,0.9032836827908998,0.9065309471158813,0.9021615472127418
95,1,0.016,25,80,0.9761989427600787,0.8707542076809355,0.8725599333320991,0.9047784369062207,0.9083261419511625,0.9032992036405005
96,1,0.016,25,90,0.9815997411576963,0.8693421411922088,0.8696638337105048,0.9040020909469636,0.9077477814086127,0.9021615472127418
97,1,0.016,25,100,0.9855062622874715,0.8773727743086235,0.8769526631147188,0.9094267666824308,0.9130046926112427,0.9078498293515358
98,1,0.016,20,40,0.9484267717369546,0.8522805179563039,0.8590714211165733,0.8891250609497712,0.8934394906252847,0.888509670079636
99,1,0.016,20,50,0.9602231348339759,0.8495147545279246,0.8545203077876689,0.8874029842247896,0.8916487096468626,0.8862343572241184
100,1,0.016,20,60,0.9667213635592963,0.8545223389307348,0.8575601669530696,0.8904996550023027,0.8943735050161202,0.888509670079636
101,1,0.016,20,70,0.9720115333512683,0.8758417555383762,0.8770898418574101,0.9066887591636711,0.909459284601661,0.9055745164960182
102,1,0.016,20,80,0.9767530678349015,0.8734053392600327,0.8753536123124761,0.9049258538408299,0.9080266679168072,0.9032992036405005
103,1,0.016,20,90,0.9833893757484992,0.8746669853639306,0.8751678860009944,0.9061935548130391,0.9098421393186149,0.9044368600682594
104,1,0.016,20,100,0.9857910257717376,0.8762539866492686,0.8778623082701015,0.9081939137887018,0.911699631309345,0.906712172923777
105,1,0.016,15,40,0.951860016456616,0.8661852514741994,0.8703103874343234,0.898574476626316,0.9027105523750731,0.8976109215017065
106,1,0.016,15,50,0.9629139089990356,0.8688675373689863,0.8738048663966631,0.9010652099844713,0.9042942087147642,0.8998862343572241
107,1,0.016,15,60,0.9696358518768194,0.8766535294587231,0.8786119430505639,0.9078291240561119,0.9104910101420715,0.906712172923777
108,1,0.016,15,70,0.9748369868068776,0.8728525238175264,0.8733488260010953,0.9057621691680047,0.9088785607381606,0.9044368600682594
109,1,0.016,15,80,0.9840269419701673,0.8759059737010624,0.8767020481523514,0.9078696717884764,0.9105517895230161,0.906712172923777
110,1,0.016,15,90,0.9853508386802504,0.8763425261360275,0.8767886890868353,0.907350858534023,0.9100955008076929,0.906712172923777
111,1,0.016,15,100,0.9869599815760822,0.8703262432377327,0.8714785387108955,0.903615976422805,0.9063626224401502,0.9021615472127418
112,2,0.016,30,40,0.9471853498655063,0.8802679691390994,0.8832866346744356,0.9078041972877294,0.909984557882162,0.906712172923777
113,2,0.016,30,50,0.9602390636485119,0.8871132637369145,0.8894673226733054,0.9143659036318494,0.9162999818165938,0.9135381114903299
114,2,0.016,30,60,0.9694074456920156,0.8924433560926237,0.8947492441814424,0.9179708583219623,0.9203321055378286,0.9169510807736063
115,2,0.016,30,70,0.9732659779703332,0.8919079004465531,0.8943827657400978,0.916990803766923,0.9193750533799486,0.9158134243458476
116,2,0.016,30,80,0.9800154005808275,0.8970332451821272,0.897577298480085,0.9209021577579981,0.9222087080782101,0.9203640500568828
117,2,0.016,30,90,0.9852132107074296,0.8972913039011119,0.8996690718285427,0.92029890711688,0.922434970015605,0.919226393629124
118,2,0.016,30,100,0.9861852728614064,0.8981966415893433,0.8995632210542428,0.920093035500578,0.9217298839419097,0.919226393629124
119,2,0.016,25,40,0.9462881905064167,0.8853359833144806,0.8888767184979479,0.910024213464756,0.9122660355307527,0.9089874857792947
120,2,0.016,25,50,0.9586392977917302,0.8870555102005142,0.8891194793022061,0.913180288671815,0.9150206927031235,0.9124004550625711
121,2,0.016,25,60,0.9671953477766672,0.8976252513162624,0.899236423668622,0.9221436400148415,0.9235595709773595,0.9215017064846417
122,2,0.016,25,70,0.9714577184247999,0.8910600544176399,0.8936066587893856,0.9167881040291462,0.9189259096195185,0.9158134243458476
123,2,0.016,25,80,0.9778528116891144,0.9011028152261557,0.9029986858782167,0.9248584000322946,0.9271615929767423,0.9237770193401593
124,2,0.016,25,90,0.9823113405254724,0.8944668394917762,0.8951473640734064,0.9194295996296633,0.9223857549195331,0.9180887372013652
125,2,0.016,25,100,0.9842691683801361,0.894753172865454,0.8953893566702056,0.9200069537975702,0.9215489779949809,0.919226393629124
126,2,0.016,20,40,0.944893797008829,0.8836096673512487,0.8858498240862757,0.9101229979436448,0.9121936855847477,0.9089874857792947
127,2,0.016,20,50,0.9598904305089224,0.8805646584066159,0.8838331732137612,0.909586818154691,0.9114122755931753,0.9089874857792947
128,2,0.016,20,60,0.9666313230936889,0.8859310804533924,0.8884095420700702,0.9119472435713506,0.9138169042448722,0.9112627986348123
129,2,0.016,20,70,0.9744732520134695,0.8913611349236841,0.8936066587893856,0.9178507258259536,0.920286925219636,0.9169510807736063
130,2,0.016,20,80,0.9794791686224571,0.8960975201049535,0.8991578297646332,0.9213949665587504,0.9239762257945942,0.9203640500568828
131,2,0.016,20,90,0.9844546944346129,0.8983344046558576,0.901124972323742,0.9221638512679712,0.9238146340616251,0.9215017064846417
132,2,0.016,20,100,0.9878671341246896,0.8975944880782227,0.900652643108097,0.9213271737578774,0.9230242329685397,0.9203640500568828
133,2,0.016,15,40,0.9501142570912419,0.8851238858726966,0.8902622459105339,0.9098928154229804,0.9120207551264816,0.9089874857792947
134,2,0.016,15,50,0.9599475673822805,0.8830536280925286,0.8862464462152695,0.9096656935647469,0.9114070481842137,0.9089874857792947
135,2,0.016,15,60,0.9710011579857795,0.886588905625998,0.8892828779950167,0.9135542703937276,0.9166186317438361,0.9124004550625711
136,2,0.016,15,70,0.9791469114013724,0.8892751754059336,0.8920845885756103,0.9157002575467618,0.9189477331849958,0.9146757679180887
137,2,0.016,15,80,0.985378195432348,0.8916241373021149,0.8936066587893856,0.9165614997568099,0.9187646209625919,0.9158134243458476
138,2,0.016,15,90,0.9865474101867492,0.8861524415919936,0.886982727165454,0.912227103330651,0.9151243236598885,0.9112627986348123
139,2,0.016,15,100,0.9886586642746895,0.9008748219367142,0.9025757200311741,0.9224728558258731,0.9245617716178006,0.9215017064846417
140,3,0.016,30,40,0.9503761002227219,0.863827996337301,0.8693514149412269,0.8962571624588981,0.9015784070776602,0.8953356086461889
141,3,0.016,30,50,0.9641311183645779,0.8723252924296325,0.8758562926559958,0.9016641296269465,0.9059339997764796,0.9010238907849829
142,3,0.016,30,60,0.9715563679208636,0.8622047599382482,0.8652129182576582,0.8957246150994838,0.9007977511307174,0.8953356086461889
143,3,0.016,30,70,0.9763097869011944,0.8650038890520183,0.868061921106661,0.8977287584586946,0.9032907095416748,0.8976109215017065
144,3,0.016,30,80,0.9786352446056475,0.869134770390182,0.8711948777279898,0.900348396283343,0.9049817233963284,0.8998862343572241
145,3,0.016,30,90,0.9827381816942162,0.8763793081127438,0.8775838376053217,0.9050432683710673,0.9089302679253045,0.9044368600682594
146,3,0.016,30,100,0.9861562285488941,0.886010706902156,0.8880021230236073,0.9127784993436396,0.9169112810349487,0.9124004550625711
147,3,0.016,25,40,0.9478705900858421,0.8672417532199801,0.8720148092220454,0.898507696890669,0.9034358592926779,0.8976109215017065
148,3,0.016,25,50,0.9602602139153116,0.866091032276802,0.8705665922452623,0.8982130030799633,0.9025129541825789,0.8976109215017065
149,3,0.016,25,60,0.9689610147290336,0.8688996426059167,0.8726619722183402,0.9002287232308884,0.9047081705010439,0.8998862343572241
150,3,0.016,25,70,0.97149826789809,0.8739534461450884,0.876904004948745,0.9036965980585822,0.9084005383236016,0.9032992036405005
151,3,0.016,25,80,0.9773405793649628,0.8735882029824661,0.8764054294501693,0.903398071810964,0.9082972570396369,0.9032992036405005
152,3,0.016,25,90,0.9821567868841102,0.8784522552085675,0.8815586096033496,0.907112232256211,0.9117285197937052,0.906712172923777
153,3,0.016,25,100,0.9849755208917326,0.8854280004766012,0.8868895219110061,0.9126024563011824,0.9177658335733637,0.9124004550625711
154,3,0.016,20,40,0.9488945698716181,0.8653906236078586,0.870043674000825,0.8972207345243859,0.9022474839434437,0.8964732650739476
155,3,0.016,20,50,0.9567470830055138,0.8575929163607727,0.8618595964560734,0.8913869627449779,0.8951416781756358,0.8907849829351536
156,3,0.016,20,60,0.9664941823805129,0.8582668919195217,0.8607318576774662,0.8926481561958648,0.8964788514472531,0.8919226393629124
157,3,0.016,20,70,0.9746716578316376,0.8717769902854621,0.8734089738429544,0.9019495961518266,0.9072294498143881,0.9010238907849829
158,3,0.016,20,80,0.9797930485736701,0.8704191502451282,0.8731582423422228,0.9016385269651724,0.9062684686627934,0.9010238907849829
159,3,0.016,20,90,0.9834372743249773,0.8757040878096051,0.8786303513027038,0.9051680936139833,0.9091863602570753,0.9044368600682594
160,3,0.016,20,100,0.9851249417115366,0.8748416902291699,0.8780218972058778,0.9049674671824323,0.9099994852518081,0.9044368600682594
161,3,0.016,15,40,0.9513190822631442,0.8674557952313673,0.8694532851488935,0.8969870323742076,0.9012915052154511,0.8964732650739476
162,3,0.016,15,50,0.9633724590894516,0.8703388877650333,0.8716929855045786,0.8993994422221924,0.9034511477659856,0.8987485779294653
163,3,0.016,15,60,0.9727593572907944,0.8735693684072802,0.87475829743065,0.9025134793173467,0.9053418664190516,0.9021615472127418
164,3,0.016,15,70,0.9776914111564795,0.8725616073920706,0.8749498683539283,0.9017679727317385,0.9052421486866704,0.9010238907849829
165,3,0.016,15,80,0.9825482944540604,0.8729746781226664,0.8752099686140286,0.9028105082981712,0.9060228909509314,0.9021615472127418
166,3,0.016,15,90,0.9843756756596324,0.8754115258954237,0.8776519710560311,0.9045989272674603,0.9083020478022268,0.9044368600682594
167,3,0.016,15,100,0.9850622676370766,0.8832256766237242,0.8835283631774599,0.9103061130597004,0.9143911736652751,0.9101251422070534
168,1,0.018,25,40,0.9493871806276759,0.8435382417956908,0.848989033142908,0.8811175317287281,0.8863865778525184,0.8782707622298066
169,1,0.018,25,50,0.9576001797609935,0.8508523875047361,0.8543064348594304,0.8866671608524588,0.8907516708281513,0.8839590443686007
170,1,0.018,25,60,0.9660364611976827,0.8565988909080482,0.8598357172234837,0.8905313784894235,0.8938989218853965,0.888509670079636
171,1,0.018,25,70,0.9720360579884637,0.8579982617287567,0.8609549168497683,0.8920065737409797,0.8954242145937882,0.8896473265073948
172,1,0.018,25,80,0.9760788858761267,0.8508137389928303,0.852970109641612,0.8873018173026979,0.8905334677224207,0.8850967007963595
173,1,0.018,25,90,0.9801370296037892,0.8551089605396586,0.8569798690051151,0.8906422116086162,0.8938210506676457,0.888509670079636
174,1,0.018,25,100,0.9822649351133438,0.857431104038819,0.8601818151194678,0.892823518424812,0.8958588999934921,0.8907849829351536
175,1,0.018,30,40,0.9493871806276759,0.8435382417956908,0.848989033142908,0.8811175317287281,0.8863865778525184,0.8782707622298066
176,1,0.018,30,50,0.9576001797609935,0.8508523875047361,0.8543064348594304,0.8866671608524588,0.8907516708281513,0.8839590443686007
177,1,0.018,30,60,0.9660364611976827,0.8565988909080482,0.8598357172234837,0.8905313784894235,0.8938989218853965,0.888509670079636
178,1,0.018,30,70,0.9720360579884637,0.8579982617287567,0.8609549168497683,0.8920065737409797,0.8954242145937882,0.8896473265073948
179,1,0.018,30,80,0.9760788858761267,0.8508137389928303,0.852970109641612,0.8873018173026979,0.8905334677224207,0.8850967007963595
180,1,0.018,30,90,0.9801370296037892,0.8551089605396586,0.8569798690051151,0.8906422116086162,0.8938210506676457,0.888509670079636
181,1,0.018,30,100,0.9822649351133438,0.857431104038819,0.8601818151194678,0.892823518424812,0.8958588999934921,0.8907849829351536
182,1,0.018,20,40,0.9505344359061104,0.8481182780927102,0.855425705444965,0.8831967556053014,0.8896736449083454,0.8805460750853242
183,1,0.018,20,50,0.9605504744152278,0.8472200276082467,0.8511531379943457,0.8854891294965578,0.8895256391508571,0.8828213879408419
184,1,0.018,20,60,0.9669318952775362,0.8530043216291318,0.8545818608482114,0.8910728257540267,0.8948399379435902,0.888509670079636
185,1,0.018,20,70,0.9708411823298225,0.8572038384300872,0.8582627327451338,0.8934098094407106,0.8973096919068838,0.8907849829351536
186,1,0.018,20,80,0.9767348350036318,0.8503092627282597,0.8512882255989409,0.8890857515859241,0.8930220280284072,0.8862343572241184
187,1,0.018,20,90,0.981381061406315,0.8552047614715315,0.8566367622018173,0.8918500514280231,0.8950066592241896,0.8896473265073948
188,1,0.018,20,100,0.9827181614161689,0.8616862902821124,0.8630362552766253,0.8962642311592737,0.8992995675452051,0.89419795221843
189,1,0.018,15,40,0.9476487502270743,0.8357477537948135,0.8412037383208409,0.8759797714000896,0.8822168850234648,0.8725824800910125
190,1,0.018,15,50,0.9616753231385042,0.83934282280726,0.8425262460446147,0.8802003719513886,0.8848210850089047,0.8771331058020477
191,1,0.018,15,60,0.9653901038570933,0.85046982861304,0.8537640605744762,0.8874898781390774,0.890918693589329,0.8850967007963595
192,1,0.018,15,70,0.9733930736069459,0.8432384415833052,0.8434916987304218,0.8836005170571217,0.8862225073195255,0.8816837315130831
193,1,0.018,15,80,0.9776752632367091,0.8457948914666729,0.8454515532356092,0.8847719516305738,0.8887808404338896,0.8816837315130831
194,1,0.018,15,90,0.9805366803408776,0.8591155691155856,0.8605795786446337,0.8967234209055863,0.9000618055312072,0.89419795221843
195,2,0.018,25,40,0.9437657943808269,0.8622936287474231,0.8704153361679787,0.887726626794317,0.8920348815040353,0.8862343572241184
196,2,0.018,25,50,0.9607735595710698,0.8675686829650953,0.8732088621986643,0.8937540848233578,0.8978284800987117,0.8919226393629124
197,2,0.018,25,60,0.9665644707263839,0.8794061429893335,0.8842068511378296,0.903751799707353,0.9077387672298161,0.9021615472127418
198,2,0.018,25,70,0.9713543778443822,0.8771148955536826,0.8819095871256049,0.9000508566771155,0.9040140859645596,0.8987485779294653
199,2,0.018,25,80,0.9793883506839273,0.8853893752592745,0.8916547553181056,0.90819670872883,0.9130077904832443,0.906712172923777
200,2,0.018,25,90,0.9824320015161475,0.883974718558001,0.8886916197097765,0.9069987866991002,0.9107709588689535,0.9055745164960182
201,2,0.018,25,100,0.9843903561295295,0.885695638770978,0.8897307652427661,0.9082419015542739,0.9117652438144777,0.906712172923777
202,2,0.018,30,40,0.9437657943808269,0.8622936287474231,0.8704153361679787,0.887726626794317,0.8920348815040353,0.8862343572241184
203,2,0.018,30,50,0.9607735595710698,0.8675686829650953,0.8732088621986643,0.8937540848233578,0.8978284800987117,0.8919226393629124
204,2,0.018,30,60,0.9665644707263839,0.8794061429893335,0.8842068511378296,0.903751799707353,0.9077387672298161,0.9021615472127418
205,2,0.018,30,70,0.9713543778443822,0.8771148955536826,0.8819095871256049,0.9000508566771155,0.9040140859645596,0.8987485779294653
206,2,0.018,30,80,0.9793883506839273,0.8853893752592745,0.8916547553181056,0.90819670872883,0.9130077904832443,0.906712172923777
207,2,0.018,30,90,0.9824320015161475,0.883974718558001,0.8886916197097765,0.9069987866991002,0.9107709588689535,0.9055745164960182
208,2,0.018,30,100,0.9843903561295295,0.885695638770978,0.8897307652427661,0.9082419015542739,0.9117652438144777,0.906712172923777
209,2,0.018,20,40,0.9456907619028695,0.8600710545171992,0.8663262765727632,0.8869734628609072,0.8910106103497497,0.8850967007963595
210,2,0.018,20,50,0.9578513805783722,0.8668883821362573,0.8707242666908132,0.8914475694715129,0.8949896977816825,0.8896473265073948
211,2,0.018,20,60,0.9682411515442436,0.8795526966137118,0.8825999761352328,0.9032581936549129,0.9057037681547906,0.9021615472127418
212,2,0.018,20,70,0.9744505468758876,0.8766870161923122,0.8792899103080671,0.899534054301178,0.9018260641959488,0.8987485779294653
213,2,0.018,20,80,0.9781928042295358,0.8838718357934278,0.8875745880865888,0.9056655545382603,0.9091463831987374,0.9044368600682594
214,2,0.018,20,90,0.9825012480588425,0.8833784387626695,0.8865009142856425,0.9067845493675223,0.909958840318704,0.9055745164960182
215,2,0.018,20,100,0.9832780053308776,0.883368754364931,0.8857467664726711,0.9069279838560402,0.9103159198666022,0.9055745164960182
216,2,0.018,15,40,0.9499766920981038,0.8700555027094216,0.8770603137773887,0.8941474043432995,0.8967406442807121,0.8930602957906713
217,2,0.018,15,50,0.9608246278857783,0.8818556172718922,0.8858952068617533,0.9040928603615379,0.9058367318755961,0.9032992036405005
218,2,0.018,15,60,0.9724405893504097,0.8825486964825504,0.8865309347702084,0.9039761744146521,0.9058201167693264,0.9032992036405005
219,2,0.018,15,70,0.9754581305438035,0.8819643176809167,0.8862616853030979,0.9040777090262128,0.9064344501682017,0.9032992036405005
220,2,0.018,15,80,0.9796113967835272,0.8812069037701163,0.884176176543381,0.9052743787772286,0.9081595367259915,0.9044368600682594
221,2,0.018,15,90,0.9801464209786537,0.8826397757024599,0.8849167883699658,0.9052881457509778,0.9081968745912958,0.9044368600682594
222,3,0.018,25,40,0.9470568152691338,0.8415364412412443,0.8458152315821502,0.8737845654494382,0.8759660778671616,0.8725824800910125
223,3,0.018,25,50,0.9590536908731102,0.8555830016048626,0.8557139687223194,0.8856080060315954,0.8877515744368207,0.8850967007963595
224,3,0.018,25,60,0.9663992783625073,0.8458463719469299,0.8462675331717893,0.8779049168459603,0.8796567520874353,0.8771331058020477
225,3,0.018,25,70,0.9719791788377629,0.8527197068549364,0.8524973366399647,0.8829236475275223,0.8850195870554998,0.8816837315130831
226,3,0.018,25,80,0.9778975938100246,0.8634727787038421,0.8632315903362747,0.8915690604097196,0.8941643410889145,0.8907849829351536
227,3,0.018,25,90,0.9815379781109892,0.867843953003032,0.8667858813373892,0.896362695524257,0.8989594566745636,0.8953356086461889
228,3,0.018,25,100,0.9828581470453801,0.8658873986357581,0.8659340200204115,0.8941730437999915,0.8965298959085276,0.8930602957906713
229,3,0.018,30,40,0.9470568152691338,0.8415364412412443,0.8458152315821502,0.8737845654494382,0.8759660778671616,0.8725824800910125
230,3,0.018,30,50,0.9590536908731102,0.8555830016048626,0.8557139687223194,0.8856080060315954,0.8877515744368207,0.8850967007963595
231,3,0.018,30,60,0.9663992783625073,0.8458463719469299,0.8462675331717893,0.8779049168459603,0.8796567520874353,0.8771331058020477
232,3,0.018,30,70,0.9719791788377629,0.8527197068549364,0.8524973366399647,0.8829236475275223,0.8850195870554998,0.8816837315130831
233,3,0.018,30,80,0.9778975938100246,0.8634727787038421,0.8632315903362747,0.8915690604097196,0.8941643410889145,0.8907849829351536
234,3,0.018,30,90,0.9815379781109892,0.867843953003032,0.8667858813373892,0.896362695524257,0.8989594566745636,0.8953356086461889
235,3,0.018,30,100,0.9828581470453801,0.8658873986357581,0.8659340200204115,0.8941730437999915,0.8965298959085276,0.8930602957906713
236,3,0.018,20,40,0.9472789450972013,0.8565824565615674,0.8606973992808162,0.8872589807040054,0.8892035410753354,0.8862343572241184
237,3,0.018,20,50,0.9593761335407393,0.8515758805916763,0.8535455014430926,0.8820823510008345,0.8846911282477791,0.8816837315130831
238,3,0.018,20,60,0.9654859773922913,0.8496105961125051,0.8494025363067923,0.8812357032108218,0.8841462907948888,0.8805460750853242
239,3,0.018,20,70,0.9739143563722419,0.8536195447758372,0.8537437407640667,0.8849896991779657,0.8869704420987429,0.8839590443686007
240,3,0.018,20,80,0.977177339486016,0.8616617473519643,0.8616674916498739,0.8907075012981777,0.8937970365749374,0.8896473265073948
241,3,0.018,20,90,0.9825565157627703,0.8637152818837214,0.865150060224824,0.8929411640269855,0.895987118004072,0.8919226393629124
242,3,0.018,20,100,0.9823681265497026,0.8655530291384221,0.8664294816172553,0.8950987366324223,0.897822361763453,0.89419795221843
243,3,0.018,15,40,0.9488089073072022,0.8508882415606672,0.8556287172916264,0.8791221764722358,0.8813663166805994,0.8782707622298066
244,3,0.018,15,50,0.9624070779685154,0.8430248084609049,0.8450454762463291,0.8752654764545276,0.8778736289844351,0.8748577929465301
245,3,0.018,15,60,0.9669910648090703,0.8461325483535127,0.8484207902376278,0.878044035713434,0.8806011763929775,0.8771331058020477
246,3,0.018,15,70,0.9743677261258342,0.8530300610188568,0.8529300203227337,0.8840050374953833,0.8865829197138172,0.8828213879408419
247,3,0.018,15,80,0.9792152822096379,0.8569014348862797,0.8577675318772646,0.8862036686753002,0.8884619238999928,0.8850967007963595
248,3,0.018,15,90,0.9802235296163572,0.8591950102099509,0.8601290807504414,0.8872835622688502,0.8895997777673113,0.8862343572241184
